ticker,timestamp,open,high,low,close,volume,ema_9,ema_21,ema_50,ema_200,rsi,adx,atr,supertrend,vwap,fvg_bullish,fvg_bearish,liquidity_sweep,volume_spike,market_regime,volatility_regime,signal_type,outcome,target_hit,stop_hit,holding_period
RELIANCE,2025-01-02,1216.3918076943417,1239.4994683243335,1215.1467802555553,1236.860107421875,15486276,1223.4130852676271,1240.3193952011238,1280.9795526357177,1374.7060911024037,43.527591309369136,65.63096286527681,20.172990128670286,1265.874179159267,1413.0929665001224,1,0,0,0,-1,1,SELL,LOSS,0,1,0
RELIANCE,2025-01-07,1217.1388288273843,1239.5493228115217,1216.3918123612464,1235.913818359375,10070505,1227.1851695789003,1238.1136671289248,1275.395660401715,1369.9100414792895,48.83414332170581,62.183807838003304,21.91602947155684,1265.874179159267,1410.5823387694272,0,0,0,0,-1,1,SELL,WIN,1,0,8
RELIANCE,2025-01-10,1248.8621307808614,1251.750618829338,1231.0831628192257,1236.959716796875,8120332,1237.011742371272,1240.6504995025336,1272.3814213892695,1365.8701898396992,59.98905543595624,52.146747322676894,21.2828534290442,1265.874179159267,1408.3835364462216,0,0,0,0,-1,1,SELL,WIN,1,0,5
RELIANCE,2025-01-13,1225.1070543419412,1240.2963897717905,1221.5213994754447,1234.9178466796875,13764861,1236.5929632329553,1240.1293492453683,1270.9120121579895,1364.3992342876502,55.215421070305496,46.581665652755206,21.06586819315664,1265.874179159267,1407.555280669373,0,1,0,0,-1,1,SELL,WIN,1,0,4
RELIANCE,2025-01-14,1239.1509590647415,1248.3641626627486,1222.3680125031533,1233.822265625,13095266,1236.0388237113643,1239.55597800661,1269.457275030097,1362.9343739174376,54.736537343800684,41.688339947831096,22.029870035848848,1265.874179159267,1406.7861210199806,0,0,0,0,-1,1,SELL,WIN,1,0,3
RELIANCE,2025-01-22,1273.2149526536994,1277.7966294698952,1263.6530443254642,1272.0196533203125,10273590,1265.7409906608048,1255.1955236579342,1270.6228037687051,1357.175544638022,58.07410322782479,25.21524403574048,27.881504110740448,1224.8281788048314,1402.9969123826818,0,1,0,0,-1,1,BUY,LOSS,0,1,2
RELIANCE,2025-03-06,1192.2383549047067,1209.1208794668382,1180.4355183146993,1204.7882080078125,14468014,1192.0199514243038,1209.352757508803,1233.1498362741256,1318.769345058368,47.709661259954046,47.98690586779306,22.093889390418944,1223.2842712735765,1385.6200171578655,1,0,0,0,-1,1,SELL,LOSS,0,1,0
RELIANCE,2025-03-12,1252.995610693361,1257.9757204337955,1239.0513034201438,1252.0494384765625,11977555,1222.7904308924574,1220.1956173560015,1234.6551527095264,1315.566345804795,57.37052546644279,44.34563160805011,24.65508905889411,1166.5807945978288,1383.4555793659504,0,0,0,0,-1,1,BUY,WIN,1,0,8
RELIANCE,2025-03-13,1255.0376050433522,1259.1212710412995,1238.901975238559,1242.9359130859375,9505270,1226.8195273311535,1222.2629169678496,1234.9798982796783,1314.7856728116674,53.64483650160932,43.394862704195084,24.864970407981705,1166.5807945978288,1383.0758698640577,0,0,1,0,-1,1,BUY,WIN,1,0,6
RELIANCE,2025-03-17,1237.208673957254,1252.3980085038181,1228.1946267891797,1233.9217529296875,16640917,1228.2399724508605,1223.3228111462151,1234.9384011719458,1313.917194959867,52.56469385536895,42.096144756359635,25.323857115343213,1166.5807945978288,1382.3734434014636,0,0,0,0,-1,1,BUY,WIN,1,0,5
RELIANCE,2025-03-18,1233.9217529296875,1233.9217529296875,1233.9217529296875,1233.9217529296875,0,1229.376328546626,1224.2863513083628,1234.8985314949423,1313.058722526034,56.23074036806284,38.353926658602,24.068154546648575,1166.5807945978288,1382.3734434014636,0,1,0,0,-1,1,BUY,WIN,1,0,4
RELIANCE,2025-03-28,1274.9081198538831,1290.5954658598978,1263.9518781988888,1270.027587890625,18147129,1265.3020261912625,1249.6321336970482,1244.8516751478694,1309.581756947645,58.50130135406714,39.25089174857328,19.803046918236273,1233.872010292301,1378.243524670994,0,0,0,0,-1,0,BUY,LOSS,0,1,1
RELIANCE,2025-04-21,1264.947875835223,1295.7249783909904,1261.9598099867933,1290.346435546875,10429964,1241.7196103487574,1236.3788413243512,1237.9893003848129,1299.461115100298,54.507110870528024,26.539351138561617,33.27425383112484,1163.2042053611233,1371.2767199751033,1,0,0,0,-1,2,BUY,WIN,1,0,5
RELIANCE,2025-05-20,1432.4787356808251,1439.2517336495314,1416.1440727881434,1418.932861328125,11270560,1420.5707650093016,1382.9321246501531,1326.0401254650747,1316.9001185107422,55.181003217710305,64.91061730551287,28.35106320317797,1361.1138573143492,1372.236802707089,0,1,0,0,1,1,BUY,LOSS,0,1,9
RELIANCE,2025-05-21,1418.235682967954,1430.486680037078,1412.458707007589,1423.5145263671875,6136364,1421.1595172808788,1386.6214338971572,1329.8626717876934,1318.0148142667817,55.05005373404283,59.30609751689767,26.55110567256119,1361.1138573143492,1372.3128984240523,0,1,0,0,1,1,BUY,LOSS,0,1,1
RELIANCE,2025-05-22,1415.5464438973825,1418.1361984129633,1391.3431818014155,1403.79345703125,12134466,1417.6863052309532,1388.1825269093479,1332.7619334230515,1318.9112110553096,47.874079188533486,52.814195902258,27.30522560265576,1361.1138573143492,1372.4094095458643,0,0,0,0,1,1,BUY,WIN,0,0,0
RELIANCE,2025-05-23,1401.0045498118507,1428.0964217220903,1401.0045498118507,1421.124267578125,6474883,1418.3738977003877,1391.1772306065102,1336.2271404009907,1319.9788157172231,49.10180607504642,46.40512855121851,27.838819644903815,1361.1138573143492,1372.4803925432968,0,0,0,0,1,1,BUY,LOSS,0,1,6
RELIANCE,2025-05-26,1426.3034970063507,1435.2676949623963,1419.430920923106,1429.0924072265625,4842944,1420.5175996056228,1394.6240648446974,1339.8689331434557,1321.1179322838495,52.8012914750004,41.214240068104054,27.447525285928855,1361.1138573143492,1372.546719883234,1,0,0,0,1,1,BUY,LOSS,0,1,5
RELIANCE,2025-05-27,1420.4269591196573,1431.2836233071982,1408.275539274527,1416.44287109375,12640414,1419.7026539032483,1396.6075926855208,1342.871846592716,1322.112612144219,53.27369753105187,36.49724692858329,27.54712062790431,1361.1138573143492,1372.6902637620508,0,0,0,0,1,1,BUY,LOSS,0,0,0
RELIANCE,2025-05-28,1414.4508509493858,1416.9409060075968,1405.0882196135674,1407.279541015625,5944611,1417.2180313257238,1397.5777698064394,1345.3976497815274,1323.000866745685,51.16097133709576,31.65751720028572,26.771644639225524,1361.1138573143492,1372.7444573441662,0,1,0,0,1,1,BUY,WIN,1,0,10
RELIANCE,2025-05-29,1406.4826358531975,1414.3512339364067,1402.996558868143,1412.1600341796875,13771917,1416.2064318965167,1398.9034302040077,1348.015793707662,1323.9303131808535,58.85691796911136,29.49674053099376,25.27049790889261,1361.1138573143492,1372.8696254170954,0,0,0,0,1,1,BUY,WIN,1,0,9
RELIANCE,2025-05-30,1412.3591925541664,1424.9090454066043,1404.0921613404494,1415.2476806640625,13788484,1416.014681650026,1400.389271154922,1350.652349135132,1324.8818066160918,45.491357898748774,25.574657526595256,22.360693786911025,1361.1138573143492,1373.0106462675456,0,0,0,0,1,0,BUY,LOSS,0,1,1
RELIANCE,2025-07-11,1505.9852937598653,1508.9733598189127,1484.3716645666439,1489.2520751953125,7234991,1506.7154211421853,1486.6486821273106,1439.258742214005,1363.2756962027267,59.907101457982215,66.66409477611035,24.651567318727157,1462.827486001609,1379.0448116703258,0,0,0,0,1,1,BUY,LOSS,0,1,5
RELIANCE,2025-08-11,1364.5501609316866,1382.4785572067015,1355.7851185633474,1380.6856689453125,9997486,1387.3577966667365,1409.7572338696184,1420.502601082974,1372.711877604814,43.029343809395954,66.18476416855856,24.132189929403207,1445.5665702320157,1380.8995017072048,0,0,-1,0,1,1,SELL,LOSS,0,1,0
RELIANCE,2025-08-13,1382.4785186353236,1386.2634508216695,1372.0202877666845,1377.0999755859375,7457021,1383.3143951401491,1403.908357464238,1417.0826613001639,1372.7789615737822,43.8596660325011,56.60954603887317,24.07529106062311,1445.5665702320157,1380.8940580988933,0,0,0,0,1,1,SELL,WIN,1,0,5
RELIANCE,2025-08-14,1377.300048828125,1380.699951171875,1370.0999755859375,1373.800048828125,7126128,1381.4115258777445,1401.1712384973187,1415.3853031436777,1372.7893955540962,46.05718930458634,49.659869923219766,23.494913597805116,1441.2397297125015,1380.8848202914694,0,0,0,0,1,1,SELL,WIN,1,0,2
RELIANCE,2025-08-18,1390.0,1394.9000244140625,1377.0,1381.699951171875,11785109,1381.4692109365708,1399.4011214677328,1414.0643083470384,1372.8804236500503,49.88165671478433,43.766262306740465,23.379958294866356,1441.2397297125015,1380.894044613296,0,0,0,0,1,1,SELL,WIN,1,0,3
RELIANCE,2025-08-26,1408.0,1410.0,1381.5999755859375,1384.9000244140625,12145259,1400.2376165583194,1403.6574155182645,1413.2209595680915,1375.13248714819,49.622764720630165,25.32862961988945,21.87443254495778,1441.2397297125015,1381.2617455006036,0,0,0,0,1,0,SELL,LOSS,0,1,2
RELIANCE,2025-09-25,1381.300048828125,1384.5,1369.0,1372.4000244140625,11411143,1389.4207506134208,1390.427868267703,1397.763253245889,1376.9030957570794,48.509189562997044,27.711431178307368,14.028573172433036,1420.3700073242187,1381.3242133368065,0,0,0,0,-1,0,SELL,LOSS,0,1,5
RELIANCE,2025-09-26,1372.0,1382.699951171875,1366.0,1377.5999755859375,9879109,1387.0565956079242,1389.2616962057243,1396.9725363574205,1376.9101688211338,49.49379968116177,27.646698342415853,14.25,1418.2399536132812,1381.3124231706486,0,0,0,0,1,0,SELL,LOSS,0,1,2
RELIANCE,2025-09-29,1381.5999755859375,1389.0,1368.0,1372.800048828125,14231999,1384.2052862519645,1387.7651828077608,1396.0245955346693,1376.868460988533,48.14009519891873,25.52512510921334,14.857142857142858,1418.2399536132812,1381.2988750682387,0,0,0,1,-1,0,SELL,LOSS,0,1,3
RELIANCE,2025-11-11,1497.0,1498.800048828125,1480.199951171875,1493.4000244140625,7127506,1482.6316315626557,1459.44775309804,1431.01079844657,1391.7100812055414,58.220020898326254,58.1861124421964,22.085728236607142,1428.0899780273437,1384.45594283586,0,0,0,0,1,1,BUY,WIN,1,0,7
RELIANCE,2025-11-19,1517.4000244140625,1522.300048828125,1512.0,1518.9000244140625,5692366,1508.2553579634239,1484.4225632891469,1449.2583233155046,1399.0715577883843,56.3090509206626,53.625092079875024,19.335710797991073,1458.0800170898438,1385.685297312483,0,0,0,0,1,0,BUY,WIN,1,0,2
RELIANCE,2025-12-04,1536.0,1560.5,1517.5999755859375,1535.5999755859375,11867930,1545.2565990135618,1527.2255489646814,1485.3672617791049,1415.073986439198,56.83864504789841,59.40066808537959,22.400015694754465,1508.57998046875,1389.6709931257537,0,0,0,0,1,1,BUY,LOSS,0,0,0
RELIANCE,2025-12-05,1530.4000244140625,1545.800048828125,1520.5999755859375,1540.5999755859375,10183266,1544.325274328037,1528.44140593025,1487.5332506049401,1416.3385258677083,58.81420880508971,56.578378759801296,23.328595842633927,1508.57998046875,1389.943106088339,0,0,0,0,1,1,BUY,LOSS,0,0,0
RELIANCE,2025-12-08,1539.199951171875,1551.0,1535.0,1543.0,11301491,1544.0602194624298,1529.7649144820455,1489.7084172952552,1417.6143462980915,59.23317257867474,53.932176824438436,23.235735212053573,1508.57998046875,1390.2590524658708,0,0,0,0,1,1,BUY,WIN,0,0,0
RELIANCE,2025-12-10,1534.0,1547.5,1531.4000244140625,1536.9000244140625,7991629,1540.282549245018,1530.3834046355362,1493.0545617007645,1419.9300859962243,44.83927402214617,47.94787950840335,23.142874581473215,1508.57998046875,1390.7687968063117,0,0,0,0,1,1,BUY,LOSS,0,0,0
RELIANCE,2025-12-11,1536.9000244140625,1550.0,1524.0,1545.0,4706197,1541.2260393960146,1531.7121860323057,1495.091637751846,1421.1894171962597,49.35380592386476,45.036409566712294,23.735726492745535,1508.57998046875,1390.8962256541458,0,0,0,0,1,1,BUY,LOSS,0,0,0
RELIANCE,2025-12-12,1550.800048828125,1559.800048828125,1546.0999755859375,1556.5,5106655,1544.2808315168118,1533.9656236657324,1497.4998088650916,1422.5517000763782,58.26644447122285,41.670554555255805,23.492876325334823,1508.57998046875,1391.0476729368756,0,0,0,0,1,1,BUY,LOSS,0,0,0
RELIANCE,2025-12-15,1551.199951171875,1558.5999755859375,1546.5,1556.199951171875,5774543,1546.6646554478245,1535.986926166291,1499.8017752711078,1423.8970887146527,56.812546116534214,37.68064802886438,21.892874581473215,1508.57998046875,1391.2182051672557,0,0,0,0,1,1,BUY,LOSS,0,0,0
RELIANCE,2025-12-16,1545.0,1551.699951171875,1538.800048828125,1542.300048828125,11731856,1545.791734123885,1536.560846408276,1501.4683742626783,1425.0888698076621,36.832063513880264,35.047712690388714,20.857151576450892,1508.57998046875,1391.543384314054,0,0,0,0,1,0,BUY,LOSS,0,0,0
RELIANCE,2025-12-17,1550.0,1550.0,1539.300048828125,1544.4000244140625,7116649,1545.5133921819206,1537.2734989542564,1503.1519684139723,1426.2896539501166,40.537839402000785,32.72096182860954,20.22857666015625,1508.57998046875,1391.7403545921443,0,0,0,0,1,0,BUY,WIN,1,0,10
RELIANCE,2025-12-18,1535.199951171875,1551.5,1535.199951171875,1544.4000244140625,6580829,1545.2907186283492,1537.9213649051478,1504.7695392630849,1427.4782174657728,38.006234083629,31.122560382487222,20.085719517299108,1508.57998046875,1391.9210136743634,0,0,0,0,1,0,BUY,WIN,1,0,9
RELIANCE,2025-12-19,1554.4000244140625,1574.199951171875,1551.0,1565.0999755859375,13937275,1549.252570019867,1540.3921476943106,1507.1354387626725,1428.862970836874,49.56747350036009,27.41102566572948,21.221426827566965,1508.57998046875,1392.3517702959446,1,0,0,0,1,0,BUY,LOSS,0,1,5
RELIANCE,2026-02-03,1473.9000244140625,1489.5,1430.199951171875,1437.0999755859375,25456171,1409.359015593148,1437.8013705109151,1471.0283572011128,1440.0913833035177,45.72204804185119,51.547880627962506,33.79286411830357,1460.8900268554687,1396.561477766812,1,0,0,1,-1,2,SELL,LOSS,0,0,0
TCS,2025-01-20,4007.3102701570856,4007.3102701570856,3932.2061048226974,3941.58203125,1287799,3975.522874337637,3980.7926037428315,3996.797575244311,3964.359575421194,53.61955009146217,45.14084811190118,94.6075956216681,4095.9880129149738,3886.685106045381,0,0,0,0,-1,1,SELL,LOSS,0,0,0
TCS,2025-01-21,3958.497734138814,3973.673232978695,3895.3790145716716,3901.03369140625,1971591,3960.6250377513597,3973.5417935261507,3993.0416272901825,3963.6535508159063,49.85860558253598,40.462160909351105,96.90858684546444,4095.9880129149738,3886.8163696791066,0,0,0,0,-1,1,SELL,LOSS,0,0,0
TCS,2025-03-20,3394.68252652922,3459.3960314822807,3394.68252652922,3444.123779296875,2845192,3421.390752203049,3503.1725845186434,3669.7537891717866,3856.207764035088,44.47545881782699,58.422026715181055,64.35797878318671,3544.2342682382123,3850.729817728918,1,0,0,0,-1,1,SELL,LOSS,0,1,1
TCS,2025-03-21,3358.9186380800415,3495.450223009194,3349.252685164703,3458.57470703125,4161925,3428.8275431686893,3499.1182320197463,3661.4720504824445,3851.950437567223,64.25244569672753,52.60432030108924,64.0610826604064,3544.2342682382123,3848.064900314033,0,0,0,0,-1,0,SELL,LOSS,0,1,0
TCS,2025-03-28,3529.0393930182477,3538.656968927356,3471.9135171595426,3485.6875,2051919,3484.6039671580165,3504.5539467683184,3634.752674362817,3834.3022036017032,49.311702367903585,31.556404455179454,64.2785524959303,3544.2342682382123,3842.4682886796277,0,0,0,0,-1,0,SELL,LOSS,0,1,1
TCS,2025-04-01,3453.354619757771,3464.2771927018816,3407.248075969345,3432.186279296875,2618493,3474.120429585788,3497.975067907238,3626.8087386909,3830.015856733754,45.15160016264826,29.20170932618544,67.15418886610152,3544.2342682382123,3840.859894974294,0,1,0,0,-1,0,SELL,LOSS,0,1,2
TCS,2025-04-02,3425.6138066504323,3445.0424669343693,3412.129849162714,3425.5654296875,1764313,3464.4094296061303,3491.3923735235894,3618.916695819699,3825.7076807745725,46.012947857153414,25.955111098709978,65.9148888561115,3544.2342682382123,3839.7647843422014,0,1,0,0,-1,0,SELL,LOSS,0,1,1
TCS,2025-05-19,3431.4130953260615,3431.4130953260615,3386.6596886040716,3401.25537109375,2537377,3403.8739230111123,3368.7726613082896,3417.1975236281946,3687.223279574403,56.994243683442,45.326748344578206,74.17927474961195,3237.0888765032623,3773.4667724462593,0,0,0,0,-1,1,BUY,LOSS,0,1,10
TCS,2025-05-20,3413.82137266364,3439.1461226598826,3377.2840226457647,3381.4404296875,2038374,3399.38722434639,3369.924276615491,3415.7952767096353,3684.0245670109075,52.434890103734375,45.830202066787976,74.137842528533,3237.0888765032623,3772.4559457794435,0,0,0,0,-1,1,BUY,LOSS,0,1,9
TCS,2025-05-21,3390.816528025104,3418.8477935076376,3381.4406002159167,3408.02197265625,1440153,3401.1141740083626,3373.3877035282885,3415.4904395980566,3681.1388508420637,56.6945620432136,44.95588957545728,66.8745851813519,3237.0888765032623,3771.751691451759,0,0,0,0,-1,0,BUY,LOSS,0,1,1
TCS,2025-05-23,3360.851724551366,3416.9142497236344,3349.8326329632987,3397.19580078125,1274331,3393.888520584103,3374.5160514696604,3412.7143244679614,3674.8610180499136,55.20814881198063,40.909643658161734,66.79864993633267,3237.0888765032623,3770.002441619396,0,0,0,0,-1,0,BUY,LOSS,0,1,6
TCS,2025-05-26,3403.3821442949547,3426.5804321288315,3392.846349631144,3419.1376953125,967470,3398.9383555297823,3378.5725645462835,3412.9662225793163,3672.1913352966153,56.48600225577964,39.21856438316682,66.72269653095613,3237.0888765032623,3769.547952270277,1,0,0,0,-1,0,BUY,LOSS,0,1,4
TCS,2025-05-27,3414.014574749619,3421.747337093333,3366.7481593177404,3381.826904296875,2467680,3395.516065283201,3378.8684136145193,3411.7450671813554,3669.161491739527,54.325373628371544,37.91505817654401,67.93092873096703,3237.0888765032623,3768.3203333085435,0,0,0,0,-1,0,BUY,LOSS,0,1,4
TCS,2025-05-28,3402.4154740639756,3411.114831810162,3376.317400825417,3380.8603515625,1222933,3392.584922539061,3379.0494988825176,3410.533896468064,3666.1546342918805,53.95590535704047,35.972307526788995,67.08170236546519,3237.0888765032623,3767.713805797477,0,0,0,0,-1,0,BUY,LOSS,0,1,3
TCS,2025-05-29,3387.626702221486,3414.498100356932,3370.034713912086,3381.247314453125,3188072,3390.317400921874,3379.2493002980277,3409.3853981405873,3663.1845965447965,54.74863418820729,35.63937927616421,66.75030021932353,3239.7956537467708,3766.138256455328,0,0,0,1,-1,0,BUY,LOSS,0,1,2
TCS,2025-06-16,3354.642349665819,3421.9302340050463,3341.1847251814343,3409.54541015625,1934088,3362.2463488938743,3358.2912221713523,3384.1905224061984,3625.1732919048864,54.59085266490637,30.394316794176326,48.6665239371462,3245.065183317316,3749.304446633958,0,0,0,0,-1,0,BUY,LOSS,0,1,0
TCS,2025-06-17,3422.905437301184,3432.6573046439225,3401.5489430536663,3428.073974609375,2111940,3375.4118740369754,3364.6351087566277,3385.911446478713,3623.130486447189,57.389819705319724,29.1431228732919,48.403018980397,3276.851676835542,3748.43791332306,1,0,0,0,-1,0,BUY,LOSS,0,1,1
TCS,2025-06-18,3431.7796073253016,3450.2105407013996,3357.665418209048,3365.75927734375,2696327,3373.4813546983305,3364.737305900912,3385.1211634044207,3620.4641064077914,47.969464671521166,26.9335681636142,51.83742869807598,3276.851676835542,3747.2390614265655,0,0,1,0,-1,0,BUY,LOSS,0,1,3
TCS,2025-08-19,2946.4476070609903,2959.950901928915,2946.349900778797,2951.340087890625,2650784,2967.7533700053373,3017.8791912350316,3131.680991964506,3443.7744081155392,41.43714799203815,55.73763626393604,38.66455920270807,3059.4150159564015,3669.2882755153173,0,0,0,0,-1,0,SELL,WIN,1,0,1
TCS,2025-08-22,3019.639270954844,3029.1306363096523,2984.4134077810354,2988.327392578125,1593791,2990.988352395859,3017.7390792099104,3118.8401755596674,3430.8860831621087,58.11066475993061,43.764803788720535,44.85704206495149,3059.4150159564015,3662.4275649479346,0,0,0,0,-1,0,SELL,WIN,1,0,1
TCS,2025-09-02,3053.9847239556466,3087.1556510845603,3036.371791556432,3044.591064453125,2185229,3031.1007573535867,3030.746779383628,3103.8895642168795,3408.1385347630385,59.40412019548925,35.48459988693573,50.35059227101715,2922.6898357611376,3651.0673877797417,0,0,0,0,-1,0,BUY,LOSS,0,1,3
TCS,2025-09-03,3062.595272321678,3074.33722714916,3021.5963756053266,3030.89208984375,1799774,3031.0590238516197,3030.759989425457,3101.0269173233633,3404.295358069152,58.07545130031725,35.55923346738729,49.26026136440633,2922.6898357611376,3649.915907825591,0,0,0,0,-1,0,BUY,LOSS,0,1,2
TCS,2025-09-12,3076.3919302537256,3080.990814432397,3053.886518550216,3066.019775390625,1447167,3029.3389444894738,3026.303837842826,3080.897766201619,3377.5350645603326,59.645260235442464,29.218135466546368,50.50435772348692,2928.2672376852743,3639.9026336058373,0,0,0,0,-1,0,BUY,LOSS,0,1,6
TCS,2025-09-15,3066.607284819441,3066.607284819441,3029.4244268669395,3044.982421875,1732539,3032.4676399665796,3028.0018909366595,3079.489321026089,3374.153401243755,45.85855400067111,26.37208302207253,46.310790516921806,2928.2672376852743,3638.8419715005593,0,0,0,0,-1,0,BUY,LOSS,0,1,6
TCS,2025-10-29,3003.3032409472494,3021.080174034828,2991.714113509379,3003.0087890625,2895420,2985.8472759952856,2968.56891440328,2994.7487007067552,3264.56936141428,55.91105215437101,32.87170872996666,45.353363082828764,2887.3426584552694,3575.522684994039,0,0,0,0,-1,0,BUY,LOSS,0,1,3
TCS,2025-10-30,2994.6603471523654,3009.0978400091353,2978.6513253692647,2981.106689453125,2241536,2984.8991586868538,2969.708712135084,2994.213719840312,3261.7036628112005,47.79213150255759,31.011910908621395,44.313055133473135,2887.3426584552694,3574.295873349744,0,0,0,0,-1,0,BUY,LOSS,0,1,3
TCS,2025-10-31,2980.8120174669925,3012.6334402910475,2971.088871543434,3003.4013671875,1868085,2988.599600386983,2972.7716807762126,2994.5740197576124,3259.0927420308044,56.21158456165962,29.381598424279893,42.87029558175953,2887.3426584552694,3573.2879801756035,0,0,0,0,-1,0,BUY,LOSS,0,1,1
TCS,2025-11-10,2939.5619693268272,2993.4816703122747,2938.579823663838,2971.18701171875,1556656,2965.6506553360578,2965.5446199428147,2987.118507343258,3243.95563929598,58.44506630003992,25.749780669817365,45.50137118828174,2887.3426584552694,3567.1187052036394,0,0,0,0,-1,0,BUY,WIN,1,0,2
TCS,2025-12-02,3075.0980746626374,3087.8659682974553,3064.6872347092776,3079.714111328125,2512003,3076.1366804539994,3051.0815678594063,3027.0117989053397,3217.804574342188,50.87325768699426,32.3469791064756,37.79155856223526,2971.6782491979143,3546.5722086172314,0,0,0,0,-1,0,BUY,WIN,1,0,2
TCS,2025-12-10,3167.41989738469,3167.41989738469,3121.357359750894,3132.259033203125,1386849,3134.0487257265595,3096.693340084093,3054.556276790856,3214.1721141871653,58.34586353743315,56.381366026609456,46.30815891402445,3050.013995452296,3539.5499721429865,0,0,0,0,-1,0,BUY,WIN,1,0,6
TCS,2025-12-11,3147.7768486239356,3151.1160479641035,3096.8035846478047,3134.91064453125,1914362,3134.221109487498,3100.16764048838,3057.7074285278154,3213.3740290322066,57.85469123779087,56.60507232369309,47.74628370978199,3050.013995452296,3538.8658235684557,0,0,0,0,-1,1,BUY,WIN,1,0,6
TCS,2025-12-16,3162.509118995985,3162.509118995985,3134.1252044928165,3147.875244140625,1734623,3146.764553760725,3115.205483945123,3069.3811846804706,3211.810700277167,58.39974983721607,55.2650307712592,45.89421984391005,3050.013995452296,3537.391637139337,0,0,0,0,-1,0,BUY,WIN,1,0,3
TCS,2025-12-26,3253.9468611908032,3260.7235702886815,3213.384197736604,3221.437744140625,1176664,3217.2029297354675,3172.346555783859,3108.7701888123547,3213.0187421543114,57.01815012921449,44.904359660675254,44.11230835659561,3126.6314748110326,3533.434063510311,0,0,0,0,1,0,BUY,LOSS,0,1,3
TCS,2025-12-29,3221.437683809396,3229.294848891858,3184.9999848268185,3193.446533203125,2079473,3212.4516504289995,3174.264735549247,3112.090829810161,3212.8219139616617,52.310538733869336,40.27525199646251,43.67737869169306,3126.6314748110326,3532.848195719386,0,1,0,0,-1,0,BUY,LOSS,0,1,2
TCS,2025-12-30,3191.973384551631,3209.160933545371,3181.6608551553877,3188.83056640625,2807593,3207.72743362445,3175.5889019907927,3115.1002312812675,3212.5806702757345,56.393215794149015,38.19133124279239,41.76220334922794,3126.6314748110326,3532.0381406689403,0,1,0,0,-1,0,BUY,LOSS,0,1,1
TCS,2026-01-02,3176.2591039024273,3196.196709004467,3162.017991655493,3192.660888671875,1184324,3191.1192018750944,3174.659546091822,3121.4274844737674,3211.327518243309,54.496738790076684,32.83687095436426,40.324098186278306,3126.6314748110326,3530.2378636812678,0,0,0,0,-1,0,BUY,LOSS,0,1,1
TCS,2026-01-06,3152.6876022111082,3204.9377039238207,3147.7768738587542,3197.669921875,2912325,3187.238867325061,3175.4306682577044,3125.8209288875246,3210.6663864460306,56.754579962815846,27.667059896100252,42.98293011394282,3126.6314748110326,3528.659365148254,0,0,0,0,-1,0,BUY,LOSS,0,1,0
TCS,2026-01-07,3185.0000101265678,3241.6700055592964,3165.651788913644,3236.75927734375,1989442,3197.142949328799,3181.0059963564363,3130.1714523972946,3210.9286006447905,59.66698850941096,25.90510164133553,45.85923083733197,3126.6314748110326,3528.134557636159,0,0,0,0,1,0,BUY,LOSS,0,1,0
INFY,2025-02-12,1830.8182412610952,1840.142278618334,1793.9104995274497,1809.5963134765625,5633947,1825.608636202637,1827.6459359618161,1833.456726423233,1768.799686830231,47.967644798870275,25.741966508139807,39.876997193557436,1899.3451588903386,1634.5431713564067,0,0,0,0,1,1,SELL,LOSS,0,1,5
INFY,2025-04-24,1427.6496829084983,1440.2760150192205,1419.4911061400271,1429.1065673828125,7114292,1409.8463404000981,1450.5796663774292,1557.3029231517583,1684.4625719027767,42.95578121987274,48.12457636538896,51.101953941380025,1474.2943526003223,1613.9707878870977,1,0,0,0,-1,2,SELL,WIN,0,0,0
INFY,2025-04-25,1433.0887071514799,1458.535575435,1421.4336312546193,1437.653564453125,8329979,1415.4077852107037,1449.4045662024907,1552.6107410435582,1681.8575797689505,40.70430552196588,45.66026719306861,51.729789475158846,1474.2943526003223,1613.2677060410317,0,0,0,0,-1,2,SELL,WIN,1,0,10
INFY,2025-04-28,1437.6534907325017,1446.7833234291916,1423.1818670852326,1439.4989013671875,5886253,1420.2260084420006,1448.5040512174621,1548.1749368521491,1679.3011047054106,47.78120076285143,42.81270115645458,48.89926000546073,1474.2943526003223,1612.7665760682492,0,0,0,0,-1,2,SELL,WIN,1,0,9
INFY,2025-05-22,1510.7890929485561,1515.936798484799,1495.7346211126817,1503.01904296875,6158990,1516.2590027807507,1499.4530758739756,1527.5547276091297,1650.3048649705595,56.35166010594162,74.19782009139682,34.049516472808186,1440.6352862799104,1606.8036656514353,0,0,0,0,-1,1,BUY,LOSS,0,0,0
INFY,2025-05-23,1505.447258808557,1541.5779455953386,1505.447258808557,1519.8218994140625,5038421,1516.9715821074133,1501.304787104893,1527.251477921613,1648.941984071901,58.383042129587444,72.85000643227632,35.40234302976671,1440.6352862799104,1606.6103531457863,0,0,0,0,-1,1,BUY,LOSS,0,0,0
INFY,2025-05-26,1521.5700705826603,1538.275749801986,1517.782147363295,1535.070556640625,3170102,1520.5913770140558,1504.374402517233,1527.5581099392127,1647.7531969771123,59.91378454153074,72.24895425960257,35.721476900635416,1440.6352862799104,1606.5008067945425,1,0,0,0,-1,1,BUY,LOSS,0,0,0
INFY,2025-05-27,1534.487964353223,1537.401733466409,1511.6634396332652,1524.9696044921875,7775714,1521.4670225096822,1506.2466936058654,1527.4565994510697,1646.471996399873,58.699318227816924,71.37993252887834,36.01978639089467,1440.6352862799104,1606.2134244676422,0,0,0,0,-1,1,BUY,WIN,0,0,0
INFY,2025-05-28,1535.556238237006,1542.063608140773,1524.8724187426308,1526.6207275390625,3623370,1522.4977635155585,1508.0988785088837,1527.4238200143936,1645.221998983412,58.535877491630615,69.74790286931848,36.18628063611287,1448.6189920707207,1606.0908297679919,0,0,0,0,-1,1,BUY,WIN,1,0,10
INFY,2025-05-30,1547.3124739974683,1548.297396005105,1531.652190030095,1539.1375732421875,13148092,1528.6299309546453,1513.5590217774225,1528.3579357957894,1643.0314209110347,41.399647143475356,62.80678551505266,30.11853872466213,1465.17897321284,1605.4647684992847,0,0,0,1,-1,0,BUY,WIN,1,0,8
INFY,2025-06-02,1536.4782943781508,1536.4782943781508,1515.7949327230604,1530.371826171875,4374509,1528.9783099980914,1515.0874585405547,1528.4369122009684,1641.8581000432346,51.80032769930609,56.79836725549945,27.46376913612757,1465.17897321284,1605.31285133712,0,0,0,0,-1,0,BUY,WIN,1,0,7
INFY,2025-06-03,1535.4933708621093,1543.6682714095227,1512.4461724234918,1519.734619140625,6853403,1527.1295718265983,1515.5099276860155,1528.0956445111249,1640.5868057318166,42.446434363195145,51.28550626157534,27.86240410378858,1465.17897321284,1605.0691364040104,0,0,0,0,-1,0,BUY,WIN,1,0,5
INFY,2025-06-04,1519.7346010168856,1533.8190332918903,1518.158749909477,1527.8109130859375,4548307,1527.2658400784662,1516.6281990860084,1528.0844785321624,1639.4133583496362,38.31191643735741,45.24662369282653,25.678726172822817,1465.17897321284,1604.910859833103,0,0,0,0,-1,0,BUY,WIN,1,0,4
INFY,2025-06-05,1524.5607331925255,1544.0621159555858,1518.3556767230737,1530.8642578125,6948539,1527.9855236252731,1517.9223862429624,1528.1934898662817,1638.2844048076465,45.45483289594333,39.108863239870935,25.32957970035873,1465.17897321284,1604.6841032272766,0,0,0,0,-1,0,BUY,WIN,1,0,3
INFY,2025-06-06,1531.2581829658582,1545.2441474823067,1519.8331118292815,1540.2210693359375,3960020,1530.4326327674062,1519.9495392514145,1528.665161237218,1637.264966262714,59.956496003310924,36.32767167606796,24.772003044550242,1465.17897321284,1604.5624952056426,0,0,0,0,-1,0,BUY,WIN,1,0,3
INFY,2025-06-27,1594.5886581952298,1605.0288069577266,1578.238977654369,1583.7545166015625,8912268,1583.171323560699,1570.1606835006276,1554.5681165640765,1629.8476691588817,57.47124314154004,42.23576636427917,31.665253757711103,1514.5932657450937,1603.6576455626307,0,0,0,0,-1,0,BUY,LOSS,0,1,10
INFY,2025-06-30,1590.648993297183,1590.648993297183,1570.064099926214,1577.6480712890625,6294505,1582.0666731063718,1570.8413551177582,1555.4732144342609,1629.3085854434687,51.33026972663478,39.003451358831455,30.701438124518354,1514.5932657450937,1603.5937462655113,0,0,0,0,-1,0,BUY,LOSS,0,1,9
INFY,2025-07-01,1584.7395342639384,1593.308307768125,1576.3676970723639,1582.57275390625,4178937,1582.1678892663476,1571.907845916712,1556.5359432846467,1628.8261099200058,43.533836520633294,34.44103195773757,28.780836864949315,1514.5932657450937,1603.5596089255055,0,0,0,0,-1,0,BUY,LOSS,0,1,8
INFY,2025-07-02,1593.6038341220215,1624.1364168524187,1579.2239966239758,1586.2169189453125,8653641,1582.9776952021407,1573.2086707374935,1557.6999050215384,1628.386399713637,50.561829870102265,30.453120514537485,29.66726350268139,1516.080646776445,1603.534216257105,0,0,1,0,-1,0,BUY,LOSS,0,1,7
INFY,2025-07-03,1594.0962765801005,1607.786716594206,1590.6490495377586,1594.293212890625,5259695,1585.2407987398378,1575.1254472968692,1559.134938961668,1628.0347012470556,54.89163502239906,29.95280631818203,28.478319054983622,1516.080646776445,1603.5211720208517,0,0,0,0,-1,0,BUY,LOSS,0,1,6
INFY,2025-07-04,1600.4981989662078,1618.6207872342948,1587.9897380569496,1615.96142578125,4411273,1591.3849241481205,1578.8378089772675,1561.3634320113267,1627.9102012736564,54.94436878037743,27.94802923544292,28.013991719376854,1516.080646776445,1603.5285086738,0,0,0,0,-1,0,BUY,LOSS,0,1,4
INFY,2025-07-07,1615.2721260131761,1619.2118141254034,1598.5284515362102,1602.4681396484375,3294523,1593.601567248184,1580.9860208564648,1562.9753836728005,1627.6479368645266,46.172115948297105,25.28223943947473,27.254191393489368,1528.2050201772026,1603.5328934872848,0,0,0,0,-1,0,BUY,LOSS,0,1,4
INFY,2025-09-08,1429.1218644887508,1436.0163186937275,1406.7641825159365,1411.2947998046875,3811567,1445.3841872677183,1456.755571882802,1484.762439228658,1575.3002667304797,49.468683721711805,30.965253895096648,30.757725488816504,1515.8246296234906,1588.9911661808678,0,1,0,0,-1,0,SELL,WIN,1,0,1
INFY,2025-12-29,1658.0,1673.0999755859375,1637.0999755859375,1644.699951171875,4062817,1643.2590224080598,1614.5185413824054,1568.3345322798805,1553.6023555974755,58.329214335073715,58.7582407321783,27.164306640625,1595.1399169921874,1576.5170434512502,0,0,0,0,1,0,BUY,LOSS,0,1,1
INFY,2025-12-30,1647.0,1647.9000244140625,1616.800048828125,1621.5999755859375,9395937,1638.9272130436357,1615.1623081281812,1570.423373218808,1554.2861019540483,55.260703745820884,57.4750431789003,27.357160295758927,1595.1399169921874,1576.6617044841714,0,1,0,0,1,0,BUY,LOSS,0,1,4
INFY,2025-12-31,1621.0,1628.5999755859375,1609.199951171875,1615.4000244140625,6538656,1634.2217753177213,1615.1839186996249,1572.187163482012,1554.9005650263612,57.39844932870159,55.91601237810895,26.942879813058035,1595.1399169921874,1576.7406854529693,0,1,0,0,1,0,BUY,LOSS,0,1,3
INFY,2026-01-01,1615.4000244140625,1639.5999755859375,1614.0999755859375,1629.800048828125,3658165,1633.3374300198022,1616.5126578022157,1574.44649234404,1555.6535550619126,57.64424250676082,54.45694326630153,26.842878069196427,1595.1399169921874,1576.7955948815884,0,0,0,0,1,0,BUY,LOSS,0,1,2
INFY,2026-01-02,1635.9000244140625,1643.5,1627.5,1640.4000244140625,2524526,1634.7499488986546,1618.6842365851107,1577.0329053938087,1556.505452375117,59.66118784908668,53.97537798266273,26.614301409040177,1595.1399169921874,1576.8403118320555,0,0,0,0,1,0,BUY,LOSS,0,1,1
INFY,2026-01-07,1615.0,1642.0,1615.0,1639.0,4508079,1628.3631691486116,1619.0723017696644,1581.8511022599,1558.3800556529966,57.3007131529608,41.99610862775372,29.478585379464285,1595.1399169921874,1577.012102705719,0,0,0,0,1,1,BUY,LOSS,0,1,1
INFY,2026-01-16,1663.699951171875,1694.0,1653.4000244140625,1689.800048828125,19335957,1625.0337031187607,1619.0747318653778,1590.4818465839685,1562.3289680251733,58.689815045662336,27.886805293574593,31.514299665178573,1595.1399169921874,1577.864100290888,1,0,1,1,1,1,BUY,LOSS,0,1,0
INFY,2026-01-20,1673.0,1680.199951171875,1652.9000244140625,1658.9000244140625,6406503,1640.7935670663198,1627.8295286513323,1596.5829724941416,1564.4802720520686,58.33014638160201,26.27058231488817,31.592869349888392,1595.1399169921874,1578.1684462563373,0,0,0,0,1,1,BUY,LOSS,0,1,7
INFY,2026-01-28,1680.0,1688.800048828125,1650.0,1666.5,8588664,1659.920484493792,1643.194370418016,1609.5156649157657,1569.5562338791642,56.2929132098662,27.415541918218015,29.892865862165177,1595.1399169921874,1579.1146213641834,0,0,0,0,1,1,BUY,LOSS,0,1,2
HDFCBANK,2025-01-28,812.5171851743912,830.918478848159,812.5171851743912,824.0611572265625,30179312,817.2733108536048,830.5145871266761,847.9479019992671,832.1262210749954,44.82456530463637,54.7969019240778,15.21576381235248,849.0854295464994,798.8085847818613,0,0,0,0,-1,1,SELL,WIN,1,0,7
HDFCBANK,2025-01-29,826.3304621132276,829.3644636153648,823.2964606110903,827.4651489257812,12619890,819.3116784680401,830.2373654719573,847.1445724033712,832.0746165385444,52.24795580498687,50.94216311598939,14.373574280897246,849.0854295464994,798.8483991547578,1,0,0,0,-1,1,SELL,WIN,1,0,6
HDFCBANK,2025-02-03,823.8638327488314,832.1518283284162,820.6324864421063,827.8104858398438,20276540,827.3438223872282,831.2200401883171,845.1282913487513,832.1409563974298,58.85931449230457,42.4214366398032,14.565625487244258,849.0854295464994,799.0990241305919,0,0,0,0,-1,1,SELL,WIN,1,0,2
HDFCBANK,2025-02-18,845.1017788797033,854.2284140997132,841.697778564227,850.0350952148438,16350910,843.7467404038197,840.9250565875922,845.7139438191189,833.8538708543788,58.67473461559656,44.41529658746703,14.59380784315711,814.3745756917886,800.2786169921302,1,0,0,0,1,1,BUY,LOSS,0,1,2
HDFCBANK,2025-02-19,847.0504387449713,857.3610822217985,844.8057556604201,852.0823974609375,11884112,845.4138718152433,841.9393603034241,845.9637009305324,834.0523788453222,57.95803132907713,42.954454445108595,14.759428920586881,814.3745756917886,800.3450359577598,0,0,0,0,1,1,BUY,LOSS,0,1,1
HDFCBANK,2025-02-28,831.2638337603047,857.0404125816553,831.2638337603047,854.6477661132812,54516728,840.6937782514168,839.9796081035852,844.0095693476909,834.2062605590984,49.91131026229332,26.044590831570417,14.195615240533389,814.3745756917886,801.0528113304159,0,0,0,1,1,1,BUY,LOSS,0,1,0
HDFCBANK,2025-04-08,870.730371547347,879.1170096868965,863.4784203033727,872.7777099609375,35563872,880.059595311044,871.7664617028311,859.8519148916641,841.4787284927327,58.83324609112105,58.48357988152195,19.185316137368254,860.1484268078601,804.9634651404026,0,1,0,1,1,2,BUY,WIN,1,0,3
HDFCBANK,2025-04-11,875.540352413462,897.567622795633,875.540352413462,891.3269653320312,32775766,880.8203895342244,873.4590599647353,861.4961304687309,842.3147605799292,55.935648521948245,52.843632972476314,19.375608079758113,860.1484268078601,805.3850445078699,0,0,0,0,1,2,BUY,WIN,1,0,3
HDFCBANK,2025-05-12,946.0127842578852,966.880737676539,943.3981625785179,965.5487060546875,18618972,949.9734360093614,935.7411121169384,905.981137888492,860.5652120679019,55.33499434026725,36.17650235064007,16.97060652407058,915.9245024990923,811.7182342809505,0,0,0,0,1,2,BUY,LOSS,0,1,0
HDFCBANK,2025-05-13,961.9966686855105,967.7686246091653,947.1967199365026,948.4793701171875,24242102,949.6746228309268,936.8991355715071,907.6477467580821,861.4872839803481,43.06982366026005,34.071375854504005,16.907175526019948,915.9245024990923,812.0494963713967,1,0,0,0,1,2,BUY,LOSS,0,0,0
HDFCBANK,2025-05-14,948.2327622761527,952.2287366384547,938.8101397074491,942.5594482421875,15445308,948.2515879131789,937.4137094506601,909.0168421889422,862.3371375828285,47.40539716008048,32.44392635705349,15.807748234683563,915.9245024990923,812.2450657433895,0,0,0,0,1,1,BUY,LOSS,0,0,0
HDFCBANK,2025-05-15,943.9901042439285,959.4314088460198,935.85013208818,954.0047607421875,32241458,949.4022224789807,938.9219868407995,910.781085553358,863.2975486431884,53.120416979108796,30.252123926495695,16.829649514816328,915.9245024990923,812.6675185171938,0,0,0,0,1,2,BUY,LOSS,0,1,0
HDFCBANK,2025-05-16,954.0047801554118,958.9380967138302,951.340777169636,954.44873046875,15868010,950.4115240769346,940.3335089887955,912.4935527216433,864.2520460146209,54.38925273749152,29.08045842881749,15.92051237436719,915.9245024990923,812.8822522222624,0,0,0,0,1,1,BUY,LOSS,0,0,0
HDFCBANK,2025-05-19,955.5834183781088,959.5300716290252,952.6234284399217,956.4220581054688,10202964,951.6136308826415,941.796104363039,914.2162493605524,865.2167092398882,53.52113206711888,28.015409661913647,15.663277744205677,915.9245024990923,813.0212254524728,0,0,0,0,1,1,BUY,LOSS,0,1,3
HDFCBANK,2025-05-20,951.1927398071444,954.3993955236706,943.7434439560598,944.6807861328125,23879090,950.2270619326758,942.0583481602912,915.4109438422993,866.0479616832413,51.108693569734704,27.264125820599453,15.561083546334917,915.9245024990923,813.3259901885978,0,0,0,0,1,1,BUY,LOSS,0,0,0
HDFCBANK,2025-07-16,1006.4952830829005,1008.8394251469304,993.826797075495,995.6722412109375,17994612,993.7808843403542,986.8416075722699,967.3748225975366,903.6319102960962,48.71038053265734,39.466338024334036,11.717260204991005,968.1208089887673,823.8601359796752,1,0,1,0,1,0,BUY,LOSS,0,1,2
HDFCBANK,2025-07-17,999.5126501495852,999.9116815490105,988.8890631972324,990.98388671875,22529158,993.2214848160335,987.2181784037681,968.3006692262487,904.5298763648797,39.23073664591012,38.79802947038649,11.564072586317982,968.1208089887673,824.1973040698549,0,0,0,0,1,0,BUY,LOSS,0,1,1
HDFCBANK,2025-07-21,986.6446826643673,998.5151670456409,985.7968170158388,997.7670288085938,22309078,991.4184372939802,987.2723986396392,969.7565002708658,906.2173797989236,46.75252953320374,36.89867076296756,13.51279890746657,968.1208089887673,824.7551647531363,0,0,0,0,1,0,BUY,LOSS,0,0,0
HDFCBANK,2025-07-22,1004.051390877723,1006.4953213272488,999.0139388595042,1001.058837890625,14836814,993.3465174133092,988.5257112988197,970.9840440713714,907.1913831139467,56.63104409466261,34.43767438686255,12.63997188640852,968.1208089887673,824.9866499409648,1,0,0,0,1,0,BUY,LOSS,0,1,10
HDFCBANK,2025-07-24,1016.3208076773761,1016.3208076773761,1001.7072110041944,1004.5999755859375,19107176,998.2037682148306,991.7317849867569,973.7586965612234,909.2320857794887,56.79950916735562,26.297983146558334,12.957040852656348,968.1208089887673,825.5100959626194,0,0,1,0,1,0,BUY,LOSS,0,1,8
HDFCBANK,2025-09-16,961.2000122070312,969.3499755859375,961.2000122070312,966.8499755859375,18661794,965.9614388054958,970.3618324270076,975.2144368596106,931.1831913457927,44.02912329663433,44.00008584189877,11.746429443359375,986.6600341796875,832.7784161595514,0,0,0,0,1,0,SELL,LOSS,0,1,6
HDFCBANK,2025-09-17,965.1500244140625,974.4000244140625,964.3499755859375,966.5,17361476,966.0691510443968,970.0107567518252,974.872694170476,931.5421649904813,60.98488760105116,42.03942706766088,11.150002615792411,986.6600341796875,832.9749965815932,0,0,0,0,1,0,SELL,LOSS,0,1,5
HDFCBANK,2025-09-19,974.9000244140625,976.7000122070312,962.0999755859375,966.9000244140625,31243267,967.9682654574766,970.297323866759,974.6364257880024,932.357655717464,65.43567371115073,38.25265180659411,11.410718645368304,986.6600341796875,833.53766532525,0,0,0,1,1,0,SELL,LOSS,0,1,3
HDFCBANK,2025-09-22,964.0,971.2000122070312,961.9500122070312,964.2000122070312,10854415,967.2146148073876,969.7430228067839,974.2271545958146,932.6811079642576,69.93929839171008,35.98697381597412,11.300005231584821,986.6600341796875,833.6568975206233,0,0,0,0,1,0,SELL,LOSS,0,1,2
HDFCBANK,2025-09-23,967.0,968.2000122070312,955.5,957.2000122070312,21022298,965.2116942873164,968.6027491158972,973.5594234098771,932.9301174243294,52.96017533993135,33.26859870098185,11.042864118303571,986.6600341796875,833.8776520847899,0,0,0,0,1,0,SELL,LOSS,0,1,1
HDFCBANK,2025-11-03,985.0,994.5499877929688,983.2999877929688,992.6500244140625,16607180,996.2080496606661,990.1962876232674,982.2912246600955,944.976783625594,59.222173787317054,41.97527515024836,15.592860630580358,971.8949890136719,840.7399423330655,0,1,0,0,1,2,BUY,LOSS,0,1,2
HDFCBANK,2025-11-11,983.5,993.5,978.0,991.7000122070312,10200530,989.5716970917135,988.5830188070826,982.9246488467232,946.9928044717352,42.84806324994063,29.734999052462488,13.978572300502233,971.8949890136719,841.685848457236,0,0,0,0,1,1,BUY,LOSS,0,1,3
HDFCBANK,2025-11-12,998.7999877929688,999.0,987.7000122070312,989.5,13137263,989.557357673371,988.6663807337114,983.182505766233,947.4220073488952,38.04204766835389,26.136598199231504,14.282143729073661,971.8949890136719,841.840831946554,0,0,0,0,1,1,BUY,LOSS,0,0,0
HDFCBANK,2026-01-29,930.0999755859375,939.2999877929688,924.3499755859375,935.5,37175628,930.0256075956173,942.3643071333152,961.9218539409147,957.5683466835832,41.84859525630808,51.44190473449785,15.553575788225446,960.9500061035156,852.717743004826,0,0,0,0,-1,2,SELL,LOSS,0,1,2
HDFCBANK,2026-01-30,930.0,938.9000244140625,927.75,929.25,29691233,929.8704860764939,941.1720973939229,960.6406047604105,957.2841863750944,42.75091620969631,47.708507364044685,15.114292689732142,960.9500061035156,852.8858011566114,0,0,0,0,-1,2,SELL,LOSS,0,1,1
HDFCBANK,2026-02-02,915.0,929.7999877929688,909.2999877929688,928.0999755859375,28032106,929.5163839783827,939.9837226841059,959.3645016494521,956.9913622268962,43.33078521576669,44.30426693231347,15.692862374441964,960.9500061035156,853.0246999369776,0,0,0,0,-1,2,SELL,LOSS,0,1,0
HDFCBANK,2026-02-06,945.0,948.0999755859375,937.5999755859375,941.0999755859375,18120272,940.0455860728581,942.4689771510152,957.686413685991,956.640592563173,55.85479926300427,36.9424275021031,18.900006975446427,960.9500061035156,853.8946149646966,0,0,0,0,-1,2,SELL,LOSS,0,1,4
HDFCBANK,2026-02-09,945.0,950.0,935.3499755859375,937.25,23947829,939.4864688582866,941.9945246827411,956.8849856951805,956.4461136503861,55.43287058710041,35.40676920063659,18.757149832589285,960.9500061035156,854.0415594412051,0,0,0,0,-1,2,SELL,LOSS,0,1,4
HDFCBANK,2026-02-10,930.0,940.9000244140625,929.9500122070312,932.4000244140625,31525385,938.0691799694417,941.1222973855885,955.9247911315398,956.2049613257257,50.684938187995165,33.199591984409146,18.475006103515625,960.9500061035156,854.2199306047792,0,0,0,0,-1,2,SELL,LOSS,0,1,3
HDFCBANK,2026-02-11,931.25,936.0,925.2999877929688,927.0999755859375,24869804,935.875339092741,939.8475408583474,954.7944062041145,955.9130974831725,54.11334307316478,30.814727262693175,18.050005231584823,960.9500061035156,854.3514357876549,0,0,0,0,-1,2,SELL,LOSS,0,1,2
ICICIBANK,2024-12-24,1286.8705106850512,1294.5115036860577,1280.3706152786017,1287.3170166015625,7138516,1297.2536734026012,1297.3759639788232,1281.64855325549,1225.6208895713212,42.9798402951563,29.993592962341832,20.949067286293353,1336.7555238457721,1176.0307466274971,0,0,0,0,1,1,SELL,LOSS,0,1,5
ICICIBANK,2025-02-04,1253.1308244391428,1270.6952475836679,1250.3522155059911,1258.4893798828125,14839077,1240.006286997263,1239.352317311657,1251.3336308147248,1230.1844397863317,56.3370911800934,35.37971627195027,25.69814230201967,1188.1819108897212,1181.4442220867934,0,0,0,0,1,1,BUY,LOSS,0,1,9
ICICIBANK,2025-02-14,1242.5126718509223,1253.8254065127483,1234.9212235163006,1250.451416015625,10368438,1246.0709781237363,1244.1910601771424,1250.7023502179973,1231.804461918714,57.923168026746765,36.64758423534867,19.506618474552006,1192.1413418274801,1182.6667180796337,0,0,0,0,1,1,BUY,LOSS,0,1,1
ICICIBANK,2025-02-19,1225.3947820253827,1254.7681118615644,1220.8300282561831,1251.9896240234375,10683412,1244.6723359165408,1243.8221768439182,1249.775242889734,1232.1471430084355,54.11819253797983,37.60919867723608,21.746471455995543,1192.1413418274801,1183.1084563345212,0,0,0,0,1,1,BUY,LOSS,0,1,0
ICICIBANK,2025-05-13,1429.0731325397105,1436.8134564073198,1416.4704248722041,1419.6458740234375,12475424,1414.284582743436,1392.016802434681,1344.6848817570763,1273.1340368135527,53.6433877893013,31.63154883912461,27.275246381182114,1357.2771788760224,1204.6431326054585,1,0,0,0,1,2,BUY,LOSS,0,0,0
ICICIBANK,2025-05-14,1418.9512828044426,1429.6685145448027,1406.4477852062123,1415.279541015625,8026837,1414.483574397874,1394.1315968511315,1347.4533181645081,1274.624102731028,50.47366178890843,30.041536269434182,27.61547306495124,1357.2771788760224,1205.0556234045898,0,0,0,0,1,2,BUY,LOSS,0,0,0
ICICIBANK,2025-05-19,1435.4241717584057,1448.5230511072755,1432.7448940711074,1437.905029296875,6005334,1426.9357522010869,1405.5616609527347,1357.9345115746366,1279.769754822338,55.77142471536692,25.526415566589915,26.580592801992697,1357.2771788760224,1206.7432532699606,0,0,1,0,1,2,BUY,LOSS,0,0,0
ICICIBANK,2025-09-01,1398.0999755859375,1412.4000244140625,1398.0999755859375,1411.0,4927348,1417.7597658438153,1426.980486139357,1427.1069054306192,1360.0446910757678,43.2820610808573,37.750876561889505,16.27586961260889,1449.3099731445313,1236.7148256482653,0,0,0,0,1,0,SELL,LOSS,0,1,1
ICICIBANK,2025-09-04,1409.9000244140625,1415.0999755859375,1401.9000244140625,1405.5,10564859,1408.9705938620339,1420.087138434669,1423.9339723328123,1361.2212841503786,43.93337153876237,28.252749943361287,17.25714111328125,1442.2300048828124,1237.6476817745684,0,0,0,0,1,0,SELL,LOSS,0,1,1
ICICIBANK,2025-10-10,1370.300048828125,1385.0,1370.300048828125,1380.300048828125,7673816,1373.9042880006245,1382.8730133402253,1398.9920938503815,1367.2502251421286,40.47000828676455,28.709516010618593,16.957144601004465,1398.8900268554687,1245.7651847816996,0,0,0,0,1,0,SELL,WIN,1,0,4
ICICIBANK,2025-10-13,1373.0999755859375,1386.4000244140625,1373.0999755859375,1379.4000244140625,8923018,1375.0034352833122,1382.5572870742105,1398.2237773253776,1367.3733062784816,40.399661045350555,29.775260704073162,17.0,1398.8900268554687,1245.9980003176104,0,0,0,0,1,0,SELL,WIN,1,0,3
ICICIBANK,2025-10-23,1385.0,1389.800048828125,1360.0999755859375,1363.699951171875,21124942,1387.6028192155022,1388.2005382134575,1397.5139781251241,1369.3331119083405,47.525327595468916,33.00417077059142,20.149998256138392,1441.2200561523437,1248.8330420277011,0,0,0,0,-1,1,SELL,LOSS,0,1,6
ICICIBANK,2025-10-24,1368.0999755859375,1381.5999755859375,1368.0999755859375,1377.699951171875,10570263,1385.622245606777,1387.2459393914955,1396.7369574040983,1369.4177527607733,53.57347254986809,31.692349512984954,20.664289202008927,1441.2200561523437,1249.0892623279744,0,0,0,0,1,1,SELL,LOSS,0,1,2
ICICIBANK,2025-10-27,1382.0999755859375,1386.800048828125,1374.0,1377.5999755859375,11499836,1384.0177916026091,1386.3690335909903,1395.9864874767322,1369.5005122549028,54.09929421913742,30.04934427107845,20.614292689732142,1441.2200561523437,1249.374875811342,0,0,0,0,1,1,SELL,LOSS,0,1,1
ICICIBANK,2025-10-28,1373.0,1375.800048828125,1356.199951171875,1363.0999755859375,26477914,1379.834228399275,1384.25366468144,1394.6968202576652,1369.4357843476118,46.34701701041917,28.108577434085255,20.735726492745535,1435.4200805664063,1249.9553204339497,0,0,0,1,-1,1,SELL,LOSS,0,1,4
ICICIBANK,2025-10-29,1364.5999755859375,1371.699951171875,1358.4000244140625,1370.4000244140625,16129382,1377.9473876022325,1382.994242838951,1393.7440046732738,1369.4455340132563,50.028257651820184,26.071562064753294,20.45001220703125,1434.2900390625,1250.311545541629,0,1,0,0,1,1,SELL,LOSS,0,1,2
ICICIBANK,2025-11-12,1370.0,1370.0,1355.4000244140625,1358.9000244140625,9736761,1352.6331006988203,1362.4039601572395,1379.5565995202423,1367.4557239557105,42.02899527472555,28.968522785042683,17.250008719308035,1383.3199951171875,1252.2270983674664,1,0,0,0,-1,0,SELL,LOSS,0,0,0
ICICIBANK,2025-11-19,1373.5,1384.0,1371.5999755859375,1383.0999755859375,10393918,1370.2349434604273,1368.6237112925064,1379.4273736479959,1368.0202202639944,54.180368445245925,27.203732345806337,16.900015694754465,1324.369921875,1253.4973311909607,0,0,0,0,1,0,BUY,LOSS,0,1,2
ICICIBANK,2025-11-20,1380.0999755859375,1388.300048828125,1375.4000244140625,1383.0,10131863,1372.787954768342,1369.9306466295513,1379.5674766471234,1368.1713438622628,57.152775364155545,27.527095958192405,17.17144775390625,1331.98994140625,1253.7358779230226,0,0,0,0,1,0,BUY,LOSS,0,1,1
ICICIBANK,2026-01-02,1338.0,1356.9000244140625,1336.300048828125,1355.4000244140625,8226205,1350.3623021357346,1357.8894183737623,1367.6003897844544,1367.494046678347,43.79394481695943,31.96363811050005,14.50714111328125,1381.9500122070312,1259.116421773439,0,0,0,0,-1,0,SELL,LOSS,0,1,0
ICICIBANK,2026-01-22,1355.0999755859375,1358.0,1338.0,1345.5,17179765,1379.903004144909,1383.3824566951778,1380.2182169607886,1371.6739313904452,47.889119495185646,31.49018474876122,28.078595842633927,1431.4001098632812,1263.6106198622233,0,1,0,0,-1,2,SELL,WIN,1,0,7
ICICIBANK,2026-01-23,1340.5,1355.199951171875,1335.699951171875,1343.4000244140625,14056524,1372.6024081987398,1379.7476901241673,1378.7743662642831,1371.3901189441335,43.628119922384265,31.756599389556527,27.835736955915177,1424.6500610351563,1263.802298985102,0,0,-1,0,-1,2,SELL,WIN,1,0,6
